id;created_by;created_date;integration_name;api_url;exit_code;request_data;response_data;error_code;error_message
1;vortals;2022-06-11T05:55:06;MEDIUM;Profit-focused Cotton payment;ERROR;../fake-data/blob/hipster.txt;../fake-data/blob/hipster.txt;Buckinghamshire contingency Frozen;Tokelau
2;e-business;2022-06-11T06:22:13;MEDIUM;Fresh transmitter purple;ERROR;../fake-data/blob/hipster.txt;../fake-data/blob/hipster.txt;capacitor Mission;deliverables Interactions Beauty
3;revolutionary;2022-06-11T15:06:53;MEDIUM;salmon;SUCCESS;../fake-data/blob/hipster.txt;../fake-data/blob/hipster.txt;invoice;Account
4;optical cross-platform Buckinghamshire;2022-06-11T10:33:27;MEDIUM;Credit Pants Hawaii;ERROR;../fake-data/blob/hipster.txt;../fake-data/blob/hipster.txt;ivory reinvent RAM;Garden matrix envisioneer
5;payment Human supply-chains;2022-06-11T01:58:26;MEDIUM;value-added Michigan enable;ERROR;../fake-data/blob/hipster.txt;../fake-data/blob/hipster.txt;Trinidad feed Rapid;circuit neural-net
6;Savings;2022-06-11T05:43:46;MEDIUM;payment;ERROR;../fake-data/blob/hipster.txt;../fake-data/blob/hipster.txt;Account Mouse;Bermuda Usability Hryvnia
7;Analyst;2022-06-11T13:36:16;MEDIUM;zero Concrete TCP;SUCCESS;../fake-data/blob/hipster.txt;../fake-data/blob/hipster.txt;Automotive parse Distributed;Circle Soft Lev
8;Savings Frozen;2022-06-11T16:19:09;MEDIUM;Product;SUCCESS;../fake-data/blob/hipster.txt;../fake-data/blob/hipster.txt;Lead e-business Island;distributed Tuna parse
9;Small turn-key;2022-06-11T03:15:20;MEDIUM;Associate;SUCCESS;../fake-data/blob/hipster.txt;../fake-data/blob/hipster.txt;Cape Home Shoes;cyan Strategist
10;optical;2022-06-11T10:24:36;MEDIUM;withdrawal deposit quantify;SUCCESS;../fake-data/blob/hipster.txt;../fake-data/blob/hipster.txt;strategize;Towels alliance Islands
